,year,quarter,ticker,close,close_quarter_after,forward_return,size,de,roe,roa
0,2015,1,ACB,2.55,3.27,0.2823529411764707,32.86379271823996,13.772335685566393,0.0,0.0
1,2015,2,ACB,3.27,3.1,-0.051987767584097844,32.875391010980465,14.353217034473047,0.0,0.0
2,2015,3,ACB,3.1,3.16,0.019354838709677358,32.89369528397971,14.298959376648579,0.0,0.0
3,2015,4,ACB,3.16,2.92,-0.07594936708860767,32.936597000581074,14.754160181839481,0.0,0.0
4,2016,1,ACB,2.92,3.03,0.03767123287671237,32.97749918667289,15.016310825990509,0.0833759731,0.0053406894
5,2016,2,ACB,3.03,2.92,-0.0363036303630363,33.032914194820144,15.567580500581142,0.0865370033,0.00543589
6,2016,3,ACB,2.92,3.09,0.05821917808219168,33.06416166225969,15.674915593338394,0.0884817883,0.0054407283
7,2016,4,ACB,3.09,4.3,0.39158576051779925,33.08497752699654,15.61705157097676,0.0987084742,0.0060908237
8,2017,1,ACB,4.3,4.55,0.058139534883721034,33.15860980857082,16.280560237267714,0.1071580731,0.0063812265
9,2017,2,ACB,4.55,5.37,0.18021978021978025,33.21392276297159,16.860525552888692,0.1147888559,0.006703741
10,2017,3,ACB,5.37,6.48,0.2067039106145252,33.230422239832905,16.52302291421571,0.1259378063,0.0072661298
11,2017,4,ACB,6.48,9.01,0.39043209876543195,33.281107844198026,16.735564627371218,0.1407697055,0.0081781593
12,2018,1,ACB,9.01,6.87,-0.23751387347391784,33.334320747368054,16.456519957199227,0.175354782,0.009942003
13,2018,2,ACB,6.87,7.57,0.10189228529839878,33.36749053069614,15.920716865882207,0.0,0.0
14,2018,3,ACB,7.57,6.57,-0.13210039630118886,33.376514524281475,15.02445382366979,0.2456468506,0.0144601155
15,2018,4,ACB,6.57,6.73,0.0243531202435312,33.428091244643895,14.669179921361312,0.2773131377,0.0167426296
16,2019,1,ACB,6.73,6.42,-0.04606240713224374,33.447544683650385,14.002276325203738,0.2638366329,0.0166426907
17,2019,2,ACB,6.42,6.75,0.051401869158878455,33.49163117288085,13.724448884468446,0.256970075,0.0167762405
18,2019,3,ACB,6.75,6.58,-0.0251851851851852,33.512043133571964,13.121225064715937,0.2511064926,0.0169200031
19,2019,4,ACB,6.58,5.14,-0.21884498480243164,33.580398386613794,12.819091695031371,0.2463934246,0.0168617705
20,2020,1,ACB,5.14,6.58,0.2801556420233464,33.590468678413814,12.171196977869682,0.2319699749,0.0166706754
21,2020,2,ACB,6.58,8.44,0.2826747720364742,33.61435373838023,11.868276258986272,0.2172573283,0.0161409759
22,2020,3,ACB,8.44,10.54,0.2488151658767772,33.66829117517913,11.720578451912587,0.2210627295,0.0168493192
23,2020,4,ACB,10.54,12.49,0.1850094876660342,33.72803889412354,11.540286050930199,0.2430753028,0.0185565452
24,2021,1,ACB,12.49,16.74,0.34027221777421923,33.73918974349671,10.851373929967398,0.2517097592353821,0.020190466195344925
25,2021,2,ACB,16.74,14.8,-0.11589008363201903,33.786463833074755,10.670940530449975,0.2644114647,0.0217385162
26,2021,3,ACB,14.8,16.18,0.09324324324324307,33.80336608397621,10.282250169218893,0.2489431803,0.0210856359
27,2021,4,ACB,16.18,15.5,-0.04202719406674904,33.89968159256349,10.754103775493721,0.2390256853,0.0197526392
28,2022,1,ACB,15.5,14.07,-0.09225806451612906,33.90132202983702,9.966802399327864,0.236563115,0.0207412634
29,2022,2,ACB,14.07,13.01,-0.07533759772565751,33.92948628975769,9.443214463572229,0.2507127211,0.0226247951
30,2022,3,ACB,13.01,12.84,-0.013066871637202104,33.96094471748456,9.067577503872764,0.2637300164,0.0245156797
31,2022,4,ACB,12.84,14.66,0.14174454828660443,34.040990688991336,9.401935188010718,0.2649167736,0.0241064619
32,2023,1,ACB,14.66,15.48,0.05593451568894947,34.04648383962404,8.774858630230705,0.2541541819,0.0250189415
33,2023,2,ACB,15.48,15.33,-0.009689922480620172,34.078157661442305,9.035334175394313,0.241404856,0.0239863156
34,2023,3,ACB,15.33,16.77,0.09393346379647749,34.10569844416285,8.704558673887666,0.2379142232,0.0238686591
35,2023,4,ACB,16.77,20.0,0.19260584376863443,34.20859674298546,9.13015085511984,0.2479969029,0.024187983
36,2024,1,ACB,20.0,19.88,-0.006000000000000005,34.22035736918991,8.72443976079817,0.2296713776,0.0232106375
37,2024,2,ACB,19.88,21.51,0.08199195171026163,34.27699427096651,9.290829538153455,0.2285300774,0.0229277307
38,2024,3,ACB,21.51,21.56,0.0023245002324499,34.28696702959722,8.858603861622646,0.2171146112,0.021717062
39,2024,4,ACB,21.56,21.72,0.007421150278293043,34.39260048540526,9.352124755986814,0.2174591984,0.0212152703
40,2015,1,SSI,5.79,6.96,0.20207253886010368,29.932140904933974,0.6884651769845047,0.0,0.0
41,2015,2,SSI,6.96,7.4,0.06321839080459779,30.017739487024034,0.7536111301469739,0.1264528008,0.0736832337
42,2015,3,SSI,7.4,6.99,-0.055405405405405395,30.089886677211286,0.8390970847083179,0.0,0.0
43,2015,4,SSI,6.99,6.65,-0.048640915593705314,30.226087850289897,1.003521228933837,0.0,0.0
44,2016,1,SSI,6.65,6.55,-0.015037593984962516,30.15845466995968,0.8251445896370686,0.1358474063,0.0727756161
45,2016,2,SSI,6.55,7.03,0.07328244274809159,30.234222494363742,0.907867381930516,0.0,0.0
46,2016,3,SSI,7.03,6.46,-0.08108108108108114,30.264009434589116,0.8707099911953431,0.1491299482,0.0783519051
47,2016,4,SSI,6.46,7.87,0.21826625386996912,30.213354586559756,0.8494016151032499,0.126372439,0.0658795128
48,2017,1,SSI,7.87,9.12,0.15883100381194404,30.3366976550593,0.7717140626039279,0.1328406659,0.0719371746
49,2017,2,SSI,9.12,8.26,-0.09429824561403499,30.427718174744538,0.8617875610968962,0.1320573609,0.0718798321
50,2017,3,SSI,8.26,9.89,0.19733656174334158,30.484753432184508,0.9491428262951835,0.1090490268,0.0586400163
51,2017,4,SSI,9.89,13.39,0.3538928210313448,30.562981250431076,1.1777891581731412,0.147360832,0.0726331881
52,2018,1,SSI,13.39,9.78,-0.2696041822255415,30.66950017726539,1.3165802449855075,0.1452734983,0.069949388
53,2018,2,SSI,9.78,11.5,0.17586912065439675,30.65013004213005,1.2377861259141822,0.0,0.0
54,2018,3,SSI,11.5,9.43,-0.18000000000000005,30.78429492357268,1.4613583279804214,0.1589909623,0.0690751386
55,2018,4,SSI,9.43,9.62,0.020148462354188768,30.801782870489507,1.602282625521296,0.1468530811,0.0612787097
56,2019,1,SSI,9.62,8.78,-0.08731808731808732,30.851158046505166,1.671202427833581,0.1170012372,0.0469143979
57,2019,2,SSI,8.78,8.14,-0.07289293849658296,30.935750997276728,1.8710795705027337,0.1040829747,0.0392509142
58,2019,3,SSI,8.14,6.67,-0.1805896805896806,30.876841591248265,1.6412982237897218,0.0919327909,0.0340866797
59,2019,4,SSI,6.67,4.29,-0.3568215892053973,30.928490538398673,1.8767091856874965,0.0979915862,0.0357462568
60,2020,1,SSI,4.29,6.35,0.48018648018648014,30.94518919773737,1.9632718867952859,0.0729097228,0.0257078202
61,2020,2,SSI,6.35,7.73,0.21732283464566948,30.886285555725653,1.644602206147376,0.1070905713,0.0385457743
62,2020,3,SSI,7.73,15.1,0.9534282018111253,30.9243716731487,1.8360954528470992,0.1155882937,0.0408757786
63,2020,4,SSI,15.1,14.48,-0.041059602649006544,31.208117473927597,2.6230389238921075,0.1304744019,0.0400350118
64,2021,1,SSI,14.48,25.57,0.7658839779005524,31.25864461784875,2.2866769662912323,0.16463637351989746,0.05296964570879936
65,2021,2,SSI,25.57,27.58,0.07860774344935462,31.366542102265765,2.676350979107241,0.1648804658,0.0489374701
66,2021,3,SSI,27.58,35.15,0.2744742567077594,31.49392950243838,2.94136859083843,0.1856519358,0.051052656
67,2021,4,SSI,35.15,28.5,-0.18918918918918914,31.55878077932239,2.5719241249135374,0.2237934166,0.0622882035
68,2022,1,SSI,28.5,14.12,-0.504561403508772,31.544671156775934,2.323690627884722,0.2257764255,0.0625737827
69,2022,2,SSI,14.12,14.87,0.05311614730878178,31.398519779515006,2.0119336735354514,0.1959532357,0.0569545356
70,2022,3,SSI,14.87,13.29,-0.10625420309347677,31.44733378364681,1.0502101723588615,0.1448633624,0.0502916674
71,2022,4,SSI,13.29,16.15,0.21519939804364174,31.58660890241708,1.3332138263120212,0.0928489529,0.0329902765
72,2023,1,SSI,16.15,20.14,0.247058823529412,31.595805530412317,1.294409579335359,0.0696979324,0.0292694085
73,2023,2,SSI,20.14,24.83,0.23286991062562046,31.545762082148983,1.2795794013495598,0.0736090454,0.0326540051
74,2023,3,SSI,24.83,25.61,0.03141361256544517,31.64347668338697,1.4345187437510614,0.0899043574,0.038250329
75,2023,4,SSI,25.61,30.06,0.1737602499023818,31.868619012757847,1.9792886939325771,0.1011252049,0.0377512902
76,2024,1,SSI,30.06,26.5,-0.11842980705256145,31.812892919071263,1.7263053077993191,0.1117690297,0.0425379905
77,2024,2,SSI,26.5,27.9,0.05283018867924527,31.89521468055125,1.8626526594161068,0.1205095281,0.0434955215
78,2024,3,SSI,27.9,26.05,-0.06630824372759847,31.823417814398546,1.744422432534832,0.1222226655,0.042979352
79,2024,4,SSI,26.05,26.0,-0.0019193857965451588,31.928405871766042,1.7400849857669776,0.1139103539,0.0397204951
80,2015,1,STB,15.58,15.5,-0.005134788189987138,32.92302743379226,9.622715402313275,0.0,0.0
81,2015,2,STB,15.5,13.67,-0.11806451612903224,32.981824622390945,10.117490241360638,0.1155552033,0.0107978379
82,2015,3,STB,13.67,13.1,-0.04169714703730798,32.99267555501861,9.925474927808294,0.0,0.0
83,2015,4,STB,13.1,10.3,-0.2137404580152671,33.3096302676029,11.956790437692936,0.0,0.0
84,2016,1,STB,10.3,11.3,0.09708737864077666,33.35628925502738,12.511667916598284,0.0320888264,0.0026264715
85,2016,2,STB,11.3,9.32,-0.17522123893805308,33.372674386599485,13.192695983594039,0.0,0.0
86,2016,3,STB,9.32,9.45,0.013948497854077146,33.39951815872514,13.117411308420136,-0.0027504186,-0.0002025003
87,2016,4,STB,9.45,11.45,0.21164021164021163,33.440048631575635,13.508921100285143,0.016355955,0.001190428
88,2017,1,STB,11.45,13.8,0.20524017467248923,33.47285170577643,13.9013588515289,0.0184107755,0.001285663
89,2017,2,STB,13.8,12.5,-0.09420289855072472,33.50542654310242,14.825112189395188,0.0231285513,0.0015590111
90,2017,3,STB,12.5,12.85,0.028000000000000025,33.526767554040404,14.954074982402757,0.0299794859,0.0019603936
91,2017,4,STB,12.85,15.5,0.20622568093385207,33.54095125729277,14.872457656342979,0.0520187603,0.0033735152
92,2018,1,STB,15.5,11.55,-0.2548387096774193,33.57448287268196,15.106689816214239,0.0589797935,0.0036998247
93,2018,2,STB,11.55,13.5,0.16883116883116878,33.62420007010055,15.943340545598378,0.0,0.0
94,2018,3,STB,13.5,11.95,-0.11481481481481481,33.631451546609156,15.97171107311142,0.0565142626,0.00342992
95,2018,4,STB,11.95,12.2,0.02092050209205021,33.637474265605,15.484027478318566,0.0747944913,0.0046226835
96,2019,1,STB,12.2,11.35,-0.069672131147541,33.683188023007745,15.682853926316502,0.0917651252,0.0054732135
97,2019,2,STB,11.35,10.55,-0.07048458149779724,33.71590804161033,16.22303832849249,0.0874771743,0.0051942118
98,2019,3,STB,10.55,10.05,-0.04739336492891,33.74071357749744,16.163656559914017,0.1092815883,0.0064687184
99,2019,4,STB,10.05,7.3,-0.27363184079602,33.748195106006214,15.961602093214927,0.0955683289,0.0057114987
100,2020,1,STB,7.3,10.75,0.4726027397260275,33.76023786331924,15.66548189618698,0.0904142622,0.0053192584
101,2020,2,STB,10.75,13.8,0.2837209302325583,33.80875357895194,16.556952308794376,0.0901229569,0.0052745151
102,2020,3,STB,13.8,16.9,0.22463768115942018,33.81560827369969,16.203313345814983,0.0864809324,0.0050579409
103,2020,4,STB,16.9,21.45,0.2692307692307694,33.83079296547599,16.013141173498965,0.0963045956,0.0056695682
104,2021,1,STB,21.45,30.6,0.4265734265734267,33.8404712931159,15.729328506514625,0.09435875713825226,0.005512643605470657
105,2021,2,STB,30.6,25.7,-0.16013071895424846,33.85465578599645,15.605357672451078,0.1182406273,0.0070042477
106,2021,3,STB,25.7,31.5,0.22568093385214016,33.83415358446021,13.806723033434986,0.1107405104,0.0068183436
107,2021,4,STB,31.5,31.7,0.006349206349206327,33.88714792163029,14.212375716686129,0.1079287156,0.0067312242
108,2022,1,STB,31.7,21.5,-0.3217665615141956,33.94554515497261,14.572773110456321,0.1163816477,0.0074970132
109,2022,2,STB,21.5,20.6,-0.041860465116279055,33.94352172796832,14.40365924192957,0.1029503245,0.0067480825
110,2022,3,STB,20.6,22.5,0.09223300970873782,33.96641724337753,14.273120283328904,0.116435026,0.007577479
111,2022,4,STB,22.5,26.2,0.1644444444444444,34.01451795515647,14.325918717572549,0.1383128098,0.0090576507
112,2023,1,STB,26.2,29.8,0.13740458015267176,34.02242552504645,13.712190922223012,0.1491958415,0.0098365112
113,2023,2,STB,29.8,30.65,0.028523489932885893,34.064246798108265,13.88712113464705,0.1719325424,0.0114318235
114,2023,3,STB,30.65,27.95,-0.08809135399673729,34.10997351571228,13.900217174624188,0.1751386184,0.0117146166
115,2023,4,STB,27.95,31.6,0.13059033989266555,34.14482919035156,13.745958487128926,0.1829904532,0.0121908428
116,2024,1,STB,31.6,28.8,-0.08860759493670889,34.172822178523006,13.476081059426852,0.1770638701,0.0120089263
117,2024,2,STB,28.8,33.35,0.15798611111111116,34.20653308316844,13.615785411081461,0.1755456297,0.0119593677
118,2024,3,STB,33.35,36.9,0.1064467766116941,34.186357518197866,12.708633808172697,0.1803773162,0.0125504457
119,2024,4,STB,36.9,38.3,0.03794037940379402,34.248550484311146,12.60862972778722,0.2003356624,0.0141829272
120,2015,1,VCB,10.39,14.76,0.42059672762271405,33.922140111594715,11.130486922171107,0.0,0.0
121,2015,2,VCB,14.76,12.98,-0.12059620596205956,33.988048572232735,11.618999771889346,0.1083805097,0.0086668315
122,2015,3,VCB,12.98,13.28,0.02311248073959926,34.05357856257915,12.985033303612763,0.0,0.0
123,2015,4,VCB,13.28,12.4,-0.06626506024096379,34.144117841090775,13.655732905060415,0.0,0.0
124,2016,1,VCB,12.4,14.31,0.15403225806451615,34.12677626951572,13.047836810779453,0.1318086183,0.0095222662
125,2016,2,VCB,14.31,15.96,0.11530398322851165,34.151643655857384,12.97810326011727,0.0,0.0
126,2016,3,VCB,15.96,14.77,-0.07456140350877205,34.23440225786257,14.516064726289926,0.1429525782,0.0098036395
127,2016,4,VCB,14.77,15.37,0.04062288422478,34.30073375129781,14.988872346931325,0.146974081,0.0093437979
128,2017,1,VCB,15.37,16.04,0.04359141184124926,34.308455868110634,14.786693212386929,0.1472732014,0.0095965158
129,2017,2,VCB,16.04,16.0,-0.0024937655860348684,34.375966213591454,15.306942454018154,0.1531106038,0.0096246314
130,2017,3,VCB,16.0,23.11,0.44437499999999996,34.43173009021977,15.563200311117168,0.157974221,0.0097688493
131,2017,4,VCB,23.11,30.01,0.2985720467330162,34.57350181068379,18.149223916043557,0.1806301998,0.0099726515
132,2018,1,VCB,30.01,24.69,-0.17727424191936025,34.542674581100556,16.90586960613985,0.1918870737,0.0109680561
133,2018,2,VCB,24.69,26.81,0.08586472255974065,34.51620553368807,15.683085939494346,0.0,0.0
134,2018,3,VCB,26.81,23.06,-0.1398731816486386,34.53387581164367,15.173709615334888,0.209957537,0.0120500618
135,2018,4,VCB,23.06,29.01,0.2580225498699047,34.60921927409485,15.79446826984808,0.2545915437,0.0138486139
136,2019,1,VCB,29.01,30.39,0.04756980351602902,34.60954419002168,13.704813650636583,0.2466029362,0.0153867213
137,2019,2,VCB,30.39,35.39,0.16452780519907861,34.654472416935036,13.694944556440793,0.2515104159,0.0162089465
138,2019,3,VCB,35.39,39.23,0.10850522746538549,34.68503026859033,13.22136986233374,0.2632481774,0.0175244171
139,2019,4,VCB,39.23,26.97,-0.31251593168493497,34.740885093586805,13.273274158345398,0.2587808264,0.0161192423
140,2020,1,VCB,26.97,34.92,0.2947719688542827,34.6735435029743,12.450611838308324,0.2189137295,0.0154758807
141,2020,2,VCB,34.92,36.58,0.047537227949598915,34.70925447883843,12.238357323847719,0.2133901976,0.0154799718
142,2020,3,VCB,36.58,42.93,0.1735921268452707,34.7115290512893,11.701673815577966,0.1940954746,0.0144866746
143,2020,4,VCB,42.93,41.57,-0.03167947822035866,34.82210174963526,12.428536816642838,0.2108986857,0.0144775838
144,2021,1,VCB,41.57,51.04,0.22780851575655525,34.78482822285868,11.662065603942844,0.2210981547832489,0.017001859843730927
145,2021,2,VCB,51.04,42.62,-0.16496865203761757,34.80435020021032,11.427912104570558,0.206044184,0.0160973388
146,2021,3,VCB,42.62,44.63,0.047160957297043726,34.86464648689427,11.647450179614403,0.2039355727,0.0159551824
147,2021,4,VCB,44.63,46.5,0.041900067219359016,34.88574017375384,11.726069482994411,0.2157232139,0.0159938645
148,2022,1,VCB,46.5,42.36,-0.08903225806451609,34.91909336132418,11.493825108674848,0.2075165548,0.0165029312
149,2022,2,VCB,42.36,41.46,-0.021246458923512734,35.00983007515985,12.022887307381527,0.2165486775,0.017014105
150,2022,3,VCB,41.46,45.31,0.09286058851905454,35.039348223945005,11.84889873825401,0.2202979774,0.0172399119
151,2022,4,VCB,45.31,51.77,0.14257338335908187,35.134414494804844,12.14739251132352,0.244309439,0.0185219931
152,2023,1,VCB,51.77,56.64,0.09406992466679531,35.15203113858921,11.764083012749253,0.2315732438,0.017891605
153,2023,2,VCB,56.64,58.53,0.033368644067796716,35.0719150997921,10.212240036797622,0.2301971451,0.0184772354
154,2023,3,VCB,58.53,53.71,-0.08235093114642067,35.0876521846992,9.872063075119955,0.2263474527,0.018943357
155,2023,4,VCB,53.71,63.48,0.18190281139452602,35.148119779053424,9.912466274843375,0.2197388427,0.0180833998
156,2024,1,VCB,63.48,56.99,-0.10223692501575288,35.1118518136776,9.216412828066767,0.1997346761,0.0185155376
157,2024,2,VCB,56.99,61.54,0.07983856816985435,35.18359369635378,9.487669960589763,0.1951290992,0.0183856002
158,2024,3,VCB,61.54,61.0,-0.008774780630484202,35.19751943613962,9.154452765127918,0.1939126694,0.0185861353
159,2024,4,VCB,61.0,64.0,0.049180327868852514,35.27396411781982,9.630866759498211,0.1873163957,0.0172367854
160,2015,1,MWG,9.69,8.32,-0.14138286893704843,28.93005510838432,1.1434724064518478,0.0,0.0
161,2015,2,MWG,8.32,6.9,-0.17067307692307687,29.022853091915266,1.077594658107242,0.5068565997,0.2330719904
162,2015,3,MWG,6.9,8.88,0.28695652173913055,29.2025239975894,1.2372825669405192,0.0,0.0
163,2015,4,MWG,8.88,8.54,-0.03828828828828845,29.61419432608094,1.9255518789784056,0.0,0.0
164,2016,1,MWG,8.54,14.19,0.6615925058548011,29.706065923613657,1.745170419086827,0.531266787,0.2091057064
165,2016,2,MWG,14.19,16.06,0.13178294573643412,29.709789223676772,1.5803861031469661,0.0,0.0
166,2016,3,MWG,16.06,17.99,0.1201743462017435,29.951085606720003,1.9195007153657635,0.5192170303,0.1860516975
167,2016,4,MWG,17.99,19.41,0.0789327404113398,30.326086489451594,2.854496666222701,0.4987809543,0.1426194042
168,2017,1,MWG,19.41,23.93,0.23286965481710453,30.277719219207942,2.2073273553117216,0.4634178072,0.1458977524
169,2017,2,MWG,23.93,27.05,0.13038027580442968,30.31553045139155,2.130963261267372,0.4417961218,0.1348613057
170,2017,3,MWG,27.05,30.47,0.12643253234750462,30.442379326476217,2.1714331854696782,0.4380947789,0.1321889017
171,2017,4,MWG,30.47,26.24,-0.13882507384312437,30.758370399377114,2.8608479289265345,0.4524343863,0.1170838378
172,2018,1,MWG,26.24,26.89,0.024771341463414753,30.7947599015273,2.2552142772473758,0.4251336914,0.1263046267
173,2018,2,MWG,26.89,30.01,0.11602826329490523,30.823252668002645,2.2390550619754817,0.0,0.0
174,2018,3,MWG,30.01,27.36,-0.0883038987004332,30.871518756901644,2.129628649751204,0.3824129582,0.1145120387
175,2018,4,MWG,27.36,26.67,-0.025219298245613975,30.968216948732625,2.1325832931632336,0.3866147561,0.113012585
176,2019,1,MWG,26.67,29.69,0.1132358455193101,31.045634128237374,2.035324878471716,0.3589336804,0.1147901557
177,2019,2,MWG,29.69,40.34,0.35870663523071755,31.12043772003099,2.1413043899082687,0.3680398323,0.1183999262
178,2019,3,MWG,40.34,36.47,-0.09593455627169079,31.107740216566295,1.865738179808447,0.3601818647,0.1186014199
179,2019,4,MWG,36.47,18.84,-0.4834110227584316,31.361716363657983,2.4345764315338303,0.3629798028,0.1098162715
180,2020,1,MWG,18.84,25.85,0.37208067940552025,31.23841750491829,1.7558535053499869,0.3323534525,0.1092664019
181,2020,2,MWG,25.85,33.37,0.2909090909090908,31.27768022551702,1.6866519490411112,0.2928516015,0.1002180294
182,2020,3,MWG,33.37,38.57,0.1558285885525923,31.337924947805814,1.6758801750989425,0.2788697495,0.0973166919
183,2020,4,MWG,38.57,42.08,0.09100337049520357,31.46268389137845,1.9802427294625402,0.2836364007,0.0893050725
184,2021,1,MWG,42.08,49.31,0.17181558935361219,31.54075165403994,1.942486008697682,0.26638635993003845,0.09421476721763611
185,2021,2,MWG,49.31,62.38,0.26505779760697634,31.618817123488004,1.9539474397436913,0.2696429265,0.0932063498
186,2021,3,MWG,62.38,66.34,0.06348188521962173,31.545586758230304,1.665315114809318,0.2462212826,0.0855260386
187,2021,4,MWG,66.34,71.17,0.07280675309014173,31.773889086962875,2.090690316913667,0.2732224229,0.0898856256
188,2022,1,MWG,71.17,70.26,-0.012786286356610832,31.764115772860105,1.8596886422703274,0.2526213559,0.0872710503
189,2022,2,MWG,70.26,62.89,-0.10489610019925999,31.712228084118113,1.6430938046541508,0.2360829383,0.0838924342
190,2022,3,MWG,62.89,42.16,-0.32962315153442523,31.746507225819006,1.628611062384389,0.2294805717,0.0820525001
191,2022,4,MWG,42.16,37.88,-0.10151802656546471,31.653407876923087,1.3329789890434744,0.1850456539,0.0690163841
192,2023,1,MWG,37.88,42.55,0.12328405491024275,31.61850434153695,1.2509947347491757,0.1144479032,0.0464979807
193,2023,2,MWG,42.55,52.18,0.2263219741480611,31.714784932869883,1.555419048055122,0.0662870807,0.0271516332
194,2023,3,MWG,52.18,42.46,-0.18627826753545418,31.702519988941773,1.5201724590057026,0.0295317603,0.0122309911
195,2023,4,MWG,42.46,50.7,0.19406500235515778,31.727162037834958,1.5731599258145017,0.0070949803,0.0028922146
196,2024,1,MWG,50.7,62.4,0.23076923076923062,31.782746317190142,1.4407752260924365,0.0441139488,0.0173602446
197,2024,2,MWG,62.4,68.1,0.09134615384615374,31.81870156239347,1.4878355593611536,0.0899418984,0.0355199435
198,2024,3,MWG,68.1,61.0,-0.10425844346549185,31.834220727925526,1.4527463978014472,0.1166622899,0.0462539091
199,2024,4,MWG,61.0,59.0,-0.032786885245901676,31.885750822135847,1.5047591094484065,0.1456594136,0.0570187144
200,2015,1,MSN,39.63,41.69,0.05198082260913428,31.52670290804904,1.8115739970783085,0.0,0.0
201,2015,2,MSN,41.69,38.09,-0.08635164307987508,31.897898495062687,1.7474083895342487,0.1011013352,0.0322980236
202,2015,3,MSN,38.09,39.89,0.047256497768443095,31.866437211911915,1.7188779213149954,0.0,0.0
203,2015,4,MSN,39.89,36.8,-0.07746302331411392,31.90559755307952,1.6503957387508215,0.0,0.0
204,2016,1,MSN,36.8,34.23,-0.06983695652173916,31.84320394191156,1.8683299767227695,0.067732649,0.0246981565
205,2016,2,MSN,34.23,36.19,0.05725971370143146,31.85711739225305,1.9596297084992147,0.0866605021,0.031041511
206,2016,3,MSN,36.19,33.35,-0.07847471677258899,31.923932261520722,2.133901998490503,0.1129091246,0.0390271518
207,2016,4,MSN,33.35,38.07,0.14152923538230877,31.922015181263244,2.5957458969483267,0.1177286224,0.0385322426
208,2017,1,MSN,38.07,33.99,-0.107171000788022,31.844681449678152,2.285627115619248,0.1270573197,0.0393259289
209,2017,2,MSN,33.99,44.59,0.3118564283612828,31.812737905303806,1.731524286153442,0.1003157478,0.0316823555
210,2017,3,MSN,44.59,62.07,0.3920161471181878,31.82215768375105,1.6369448419160537,0.0959295933,0.0316896766
211,2017,4,MSN,62.07,91.85,0.4797808925406797,31.782510086336963,2.1410585658135806,0.1530750297,0.0454377892
212,2018,1,MSN,91.85,63.93,-0.30397387044093627,31.755054051285548,2.1567017108791946,0.1657625086,0.0573220527
213,2018,2,MSN,63.93,75.09,0.1745659314875645,31.792298861045722,1.913863194672681,0.0,0.0
214,2018,3,MSN,75.09,62.71,-0.16486882407777337,31.8025624476735,1.910060108658841,0.2696445135,0.0891670309
215,2018,4,MSN,62.71,68.22,0.08786477435815665,31.7989044037905,0.894930257263581,0.181070196,0.0767560214
216,2019,1,MSN,68.22,67.16,-0.015537965406039356,31.806355936755974,0.8634762395367168,0.1753418268,0.0768082151
217,2019,2,MSN,67.16,63.52,-0.054198927933293506,31.85084431544873,0.8879945547428699,0.118377401,0.0574102032
218,2019,3,MSN,63.52,45.72,-0.2802267002518892,31.91333931513655,0.8799430804467969,0.1462214102,0.0777146376
219,2019,4,MSN,45.72,39.65,-0.13276465441819774,32.20879185189508,0.8751250351547697,0.1292938187,0.0686646034
220,2020,1,MSN,39.65,43.78,0.10416141235813381,32.28570264406994,1.0376783079403165,0.1036873242,0.0538393761
221,2020,2,MSN,43.78,44.18,0.009136592051164794,32.28501824636205,2.3635373860887867,0.0876065421,0.0399502596
222,2020,3,MSN,44.18,72.8,0.6478044363965594,32.3247932133355,2.82100883852054,0.0592088261,0.0232021
223,2020,4,MSN,72.8,75.75,0.0405219780219781,32.38233770712294,3.623862243005761,0.0320853635,0.0115848464
224,2021,1,MSN,75.75,91.22,0.20422442244224426,32.386906335234926,3.5765033171881506,0.05440247431397438,0.013439889997243881
225,2021,2,MSN,91.22,117.77,0.29105459329094496,32.4243035767598,2.8393616304199254,0.0758715386,0.0181428725
226,2021,3,MSN,117.77,141.45,0.20106988197333786,32.446423474960554,2.8124490545302483,0.0837296916,0.0200908452
227,2021,4,MSN,141.45,117.63,-0.16839872746553552,32.468044581191016,1.9783524450634404,0.2542161821,0.0708173579
228,2022,1,MSN,117.63,111.18,-0.054832950777862655,32.45359120602393,2.382944089847681,0.279157199,0.0806631206
229,2022,2,MSN,111.18,99.0,-0.10955207771181874,32.46141228587261,2.2286620816862666,0.2705322635,0.0814458376
230,2022,3,MSN,99.0,93.0,-0.06060606060606055,32.486413806487995,2.607461766096603,0.2490801142,0.0758369658
231,2022,4,MSN,93.0,77.8,-0.16344086021505377,32.582209367506294,2.857952941717875,0.0903341228,0.0266754826
232,2023,1,MSN,77.8,75.2,-0.03341902313624667,32.61314457665336,2.928830773628967,0.0814182796,0.0161683452
233,2023,2,MSN,75.2,76.3,0.0146276595744681,32.578775955312835,2.7537901503460303,0.0500663207,0.0094203921
234,2023,3,MSN,76.3,67.0,-0.1218872870249017,32.608255629494046,2.8103593300434437,0.0308289467,0.0056932165
235,2023,4,MSN,67.0,74.2,0.10746268656716418,32.624058959138914,2.854448389725608,0.0158860709,0.0029002901
236,2024,1,MSN,74.2,74.7,0.006738544474393482,32.6181995497446,2.7730939372360863,0.0115657175,0.0021256737
237,2024,2,MSN,74.7,75.7,0.01338688085676032,32.6902297570403,2.40790114121271,0.0248165552,0.0047308284
238,2024,3,MSN,75.7,70.0,-0.07529722589167775,32.669864429820215,2.746729231205511,0.0466613722,0.008969434
239,2024,4,MSN,70.0,66.8,-0.04571428571428571,32.62542348614927,2.621499357828917,0.0703874038,0.013554404
240,2015,1,MBB,3.22,3.54,0.0993788819875776,32.91503937071813,10.468975751268541,0.0,0.0
241,2015,2,MBB,3.54,3.75,0.05932203389830515,32.95114628434037,10.12868409622447,0.1518490915,0.0131124328
242,2015,3,MBB,3.75,3.65,-0.026666666666666727,32.96845210335723,8.364304577281944,0.0,0.0
243,2015,4,MBB,3.65,3.57,-0.021917808219178103,33.02937381297067,8.757397674864404,0.0,0.0
244,2016,1,MBB,3.57,3.72,0.04201680672268915,33.063740442297494,8.748376418919207,0.1199049252,0.0119476824
245,2016,2,MBB,3.72,3.72,0.0,33.107992911067534,8.711883583872119,0.1109155424,0.0113989278
246,2016,3,MBB,3.72,3.67,-0.013440860215053863,33.11089726509894,8.318986013885471,0.1144385624,0.0116713177
247,2016,4,MBB,3.67,4.2,0.14441416893732972,33.177207816562735,8.637964550466771,0.1214635631,0.0122011313
248,2017,1,MBB,4.2,6.1,0.45238095238095233,33.15274603094048,8.505626472674336,0.1223297609,0.0123084576
249,2017,2,MBB,6.1,6.25,0.024590163934426368,33.25230836405503,9.115467556048904,0.1248748619,0.0129394501
250,2017,3,MBB,6.25,7.3,0.16799999999999993,33.30757873457052,9.256732828546856,0.1378458362,0.0139407176
251,2017,4,MBB,7.3,10.18,0.3945205479452054,33.3800249433219,9.603561548411768,0.1252767771,0.0123466155
252,2018,1,MBB,10.18,7.69,-0.24459724950884076,33.387856064541495,9.19494859606935,0.1414558591,0.0137398229
253,2018,2,MBB,7.69,8.07,0.04941482444733425,33.439773086804436,9.63495632510052,0.0,0.0
254,2018,3,MBB,8.07,6.79,-0.1586121437422553,33.47122749544275,9.354553238076946,0.1616188715,0.0154747139
255,2018,4,MBB,6.79,7.82,0.1516936671575848,33.52366232782211,9.603769049694352,0.1916991663,0.0180795264
256,2019,1,MBB,7.82,7.5,-0.04092071611253201,33.579628408675184,9.606260268590045,0.1937518584,0.0183645675
257,2019,2,MBB,7.5,8.83,0.17733333333333334,33.628130630187016,10.323034679928316,0.1992749629,0.0185740488
258,2019,3,MBB,8.83,8.06,-0.08720271800679502,33.616067875523626,9.546968697000263,0.2056060154,0.0190949969
259,2019,4,MBB,8.06,5.25,-0.34863523573200994,33.65079994117912,9.31663977072149,0.2112587976,0.0202187781
260,2020,1,MBB,5.25,6.43,0.22476190476190472,33.63934937300157,8.248868214727839,0.196330698,0.0190602703
261,2020,2,MBB,6.43,7.65,0.18973561430793162,33.675162746670956,8.206320595514688,0.1925520582,0.0196802813
262,2020,3,MBB,7.65,10.24,0.3385620915032679,33.68821564207491,7.852641814478611,0.1843935534,0.01967951
263,2020,4,MBB,10.24,12.54,0.224609375,33.835542841484276,8.879983061705513,0.1836446214,0.0182304134
264,2021,1,MBB,12.54,19.31,0.539872408293461,33.86730752459057,8.510828140954008,0.2042335505,0.0217888413
265,2021,2,MBB,19.31,16.75,-0.13257379596064212,33.89124192814814,8.356156763384265,0.2006933782,0.0213379577
266,2021,3,MBB,16.75,17.38,0.03761194029850734,33.9510601659279,8.441279548271577,0.203137064,0.0212995961
267,2021,4,MBB,17.38,19.82,0.14039125431530497,34.03978121301893,8.716419606349406,0.2255543204,0.0230411303
268,2022,1,MBB,19.82,14.55,-0.2658930373360242,34.106515146623465,8.677981755453798,0.224129297,0.0234515352
269,2022,2,MBB,14.55,14.43,-0.008247422680412453,34.12064297552476,8.283656014628553,0.2424592747,0.0254531778
270,2022,3,MBB,14.43,12.34,-0.14483714483714483,34.1184071067501,7.652421260706578,0.2543677864,0.0273401771
271,2022,4,MBB,12.34,13.17,0.0672609400324149,34.22205317846254,8.150897076526952,0.2460637334,0.0261781704
272,2023,1,MBB,13.17,14.95,0.13515565679574792,34.26534089637768,7.974684372780067,0.2308526861,0.025617408
273,2023,2,MBB,14.95,15.74,0.05284280936454855,34.323399587951016,8.367326510724101,0.2234403437,0.0246997409
274,2023,3,MBB,15.74,15.87,0.008259212198221011,34.33528905698839,7.891171599183309,0.2235398773,0.0245863339
275,2023,4,MBB,15.87,21.61,0.3616887208569628,34.48215698401784,8.770885281190766,0.2345312456,0.0247110377
276,2024,1,MBB,21.61,19.31,-0.10643220731142988,34.43413466641901,7.887255630037328,0.2148086782,0.0232842679
277,2024,2,MBB,19.31,22.35,0.15743138270326273,34.52731586722411,8.486301142722278,0.2164211217,0.0233628213
278,2024,3,MBB,22.35,21.83,-0.023266219239373775,34.56718813953311,8.350929864809055,0.2069997625,0.0220924997
279,2024,4,MBB,21.83,24.1,0.10398534127347703,34.659932457288825,8.642961749538468,0.2117572966,0.0218287698
280,2015,1,HPG,2.86,2.88,0.006993006993007089,30.71773362825638,0.7625568159743606,0.0,0.0
281,2015,2,HPG,2.88,3.03,0.05208333333333326,30.765106827248896,0.741880107593808,0.0,0.0
282,2015,3,HPG,3.03,2.91,-0.03960396039603953,30.833642138957767,0.7488846175637173,0.0,0.0
283,2015,4,HPG,2.91,2.94,0.010309278350515427,30.8700659750958,0.763267559520912,0.0,0.0
284,2016,1,HPG,2.94,3.95,0.34353741496598644,30.86787981148888,0.6473083724360534,0.2703369332,0.1566484623
285,2016,2,HPG,3.95,5.4,0.36708860759493667,30.951564140245996,0.5791258772454958,0.0,0.0
286,2016,3,HPG,5.4,5.1,-0.05555555555555569,30.97982147289215,0.5756679514868184,0.3185864319,0.1948638783
287,2016,4,HPG,5.1,5.42,0.06274509803921569,31.134370555461032,0.6735483998748348,0.3847718326,0.2248162314
288,2017,1,HPG,5.42,6.06,0.11808118081180807,31.240473797103913,0.7261583421112956,0.391078115,0.2379318512
289,2017,2,HPG,6.06,7.37,0.2161716171617163,31.31142687772376,0.7290079711255081,0.3416303027,0.2032057426
290,2017,3,HPG,7.37,8.88,0.2048846675712348,31.50932491005699,0.6040751040359766,0.3205702448,0.1911824454
291,2017,4,HPG,8.88,11.44,0.288288288288288,31.601727995790032,0.6366036423534203,0.3064881502,0.1856646806
292,2018,1,HPG,11.44,10.19,-0.10926573426573427,31.628074076063356,0.5811891176091338,0.2763486737,0.169518803
293,2018,2,HPG,10.19,11.22,0.10107948969578029,31.759418282879498,0.694886467517662,0.0,0.0
294,2018,3,HPG,11.22,8.21,-0.2682709447415329,31.880983451567257,0.7959550545214905,0.2583963111,0.1536381545
295,2018,4,HPG,8.21,8.54,0.04019488428745421,31.990609927988192,0.9262985857695526,0.2348110649,0.1306411923
296,2019,1,HPG,8.54,8.1,-0.051522248243559665,32.07304546723713,1.01242518608768,0.206020255,0.1105464948
297,2019,2,HPG,8.1,7.57,-0.06543209876543199,32.16382770318373,1.101840945615912,0.1926956378,0.0980976456
298,2019,3,HPG,7.57,8.1,0.07001321003963001,32.21034367509801,1.1161641590262532,0.1699335285,0.0831917111
299,2019,4,HPG,8.1,5.81,-0.2827160493827161,32.25393946128614,1.1300559324220243,0.1702856717,0.0836387012
300,2020,1,HPG,5.81,9.24,0.5903614457831328,32.304867816452756,1.139466118241025,0.1699059956,0.0800490548
301,2020,2,HPG,9.24,11.13,0.20454545454545459,32.3552553005456,1.142315825629776,0.1771135569,0.0830552525
302,2020,3,HPG,11.13,17.47,0.5696316262353995,32.397223355002524,1.1363537432420279,0.2087017208,0.0976531586
303,2020,4,HPG,17.47,19.73,0.12936462507155122,32.51011493635018,1.2207346487848318,0.2513923883,0.1153109541
304,2021,1,HPG,19.73,29.53,0.496705524581855,32.56536748441034,1.098746524420013,0.3112485408782959,0.14487075805664062
305,2021,2,HPG,29.53,30.33,0.027091093802912303,32.70500141419611,1.1600373422786858,0.3947835508,0.1833564309
306,2021,3,HPG,30.33,26.6,-0.12298054731289143,32.79376657588538,1.0710567151995,0.4467085831,0.2095297605
307,2021,4,HPG,26.6,25.86,-0.027819548872180522,32.81412948393752,0.9633798892324863,0.4597073139,0.2226207055
308,2022,1,HPG,25.86,16.89,-0.3468677494199536,32.85594545804167,0.8780414489223598,0.4104896426,0.2045281809
309,2022,2,HPG,16.89,16.06,-0.04914150384843108,32.966136205302746,1.0767231648450488,0.321176953,0.1609619408
310,2022,3,HPG,16.06,13.64,-0.15068493150684925,32.84489713364738,0.8741188486362532,0.1846908779,0.0947993752
311,2022,4,HPG,13.64,15.76,0.15542521994134884,32.76879126456634,0.7722433869784551,0.090784405,0.0486758085
312,2023,1,HPG,15.76,19.81,0.25697969543147203,32.79813928915595,0.8188748849214306,0.0068088372,0.0036038325
313,2023,2,HPG,19.81,19.92,0.005552751135790235,32.802886666062996,0.8009687057783447,-0.0196664566,-0.0108141815
314,2023,3,HPG,19.92,21.17,0.06275100401606415,32.78723912766643,0.7374123527311942,0.0191904488,0.0107591739
315,2023,4,HPG,21.17,22.92,0.08266414737836558,32.8663059551012,0.8260319442539836,0.0687708238,0.0381721238
316,2024,1,HPG,22.92,23.58,0.028795811518324443,32.93899285631358,0.9118677151931733,0.0917358984,0.050350203
317,2024,2,HPG,23.58,21.96,-0.06870229007633577,32.96184962000848,0.9011373789064517,0.1072089789,0.058024484
318,2024,3,HPG,21.96,22.21,0.011384335154827063,32.98470858901946,0.8911079902617803,0.1137629601,0.0603456863
319,2024,4,HPG,22.21,22.29,0.0036019810895993043,33.04485097597517,0.9580870915245219,0.1107318516,0.0583179807
320,2015,1,VIC,20.18,23.5,0.16451932606541142,32.195961277753895,3.2699698461618683,0.0,0.0
321,2015,2,VIC,23.5,22.53,-0.04127659574468079,32.33720916875788,2.598616521771955,0.0867910823,0.020652251
322,2015,3,VIC,22.53,24.69,0.0958721704394141,32.46677870168396,2.9827281295021812,0.0,0.0
323,2015,4,VIC,24.69,25.5,0.03280680437424044,32.61501610219874,2.8996605348234477,0.0,0.0
324,2016,1,VIC,25.5,29.62,0.16156862745098044,32.634442555790095,2.634075621359395,0.0429123987,0.0113666683
325,2016,2,VIC,29.62,32.69,0.10364618501012823,32.694661669574685,2.5675769217530893,0.0,0.0
326,2016,3,VIC,32.69,30.85,-0.05628632609360651,32.78566417391832,3.134008801213845,0.0463034127,0.0121729419
327,2016,4,VIC,30.85,30.71,-0.004538087520259304,32.822897294809046,3.033204602621123,0.0588888836,0.0149660853
328,2017,1,VIC,30.71,31.37,0.021491370888961248,32.863496247234536,3.3388891471838558,0.0388502702,0.0096771022
329,2017,2,VIC,31.37,37.61,0.19891616193815742,32.89765143945218,3.468654991445672,0.0398851165,0.0094001826
330,2017,3,VIC,37.61,56.78,0.5097048657272003,32.95372831722017,3.1220000936790826,0.0429868531,0.010150372
331,2017,4,VIC,56.78,86.09,0.5162028883409651,33.00098495417146,3.107642771662865,0.0884976132,0.0224655156
332,2018,1,VIC,86.09,95.56,0.11000116157509576,33.04104905682385,2.7607233200581285,0.0835913464,0.0204538165
333,2018,2,VIC,95.56,87.38,-0.08560066973629143,33.14849435251708,1.8625692185129383,0.0,0.0
334,2018,3,VIC,87.38,84.71,-0.030556191348134587,33.22286650452905,1.7339649701810176,0.0518268907,0.0160985493
335,2018,4,VIC,84.71,103.02,0.21614921496871675,33.29781139448623,1.9185126397075187,0.0498345283,0.0150537343
336,2019,1,VIC,103.02,102.85,-0.0016501650165016146,33.380814192860754,2.068445948731378,0.0358556726,0.0123691847
337,2019,2,VIC,102.85,106.49,0.035391346621293174,33.45511939163807,1.6806543600798394,0.0437115429,0.0153831431
338,2019,3,VIC,106.49,102.22,-0.040097661752277136,33.50920283713342,1.847974524664361,0.0400524704,0.0139721184
339,2019,4,VIC,102.22,74.13,-0.2747994521620035,33.6436909115916,2.3878165751563336,0.0686756123,0.021813166
340,2020,1,VIC,74.13,79.11,0.06717927964386883,33.655951509723245,2.3871502603725347,0.0558782915,0.0182005671
341,2020,2,VIC,79.11,81.33,0.02806219188471748,33.688236059712466,2.453464381786984,0.0617234799,0.0188958574
342,2020,3,VIC,81.33,96.18,0.18258945038731111,33.69483100803245,2.452469416954211,0.0703243082,0.0205591017
343,2020,4,VIC,96.18,104.8,0.089623622374714,33.681385940201345,2.1252000173073946,0.0426189301,0.0132276266
344,2021,1,VIC,104.8,105.78,0.00935114503816803,33.67087742642634,2.0036440134930236,0.05179726704955101,0.015946902334690094
345,2021,2,VIC,105.78,88.0,-0.16808470410285503,33.668768037709775,1.9015524801349213,0.0454513714,0.014616699
346,2021,3,VIC,88.0,95.1,0.08068181818181808,33.70314964306504,1.6391378045184979,0.0294091937,0.0101266096
347,2021,4,VIC,95.1,81.2,-0.1461619348054678,33.68856346917934,1.6850964219226616,-0.0170187802,-0.0059088442
348,2022,1,VIC,81.2,73.5,-0.09482758620689657,33.72089676410198,2.280110114528893,-0.0160145112,-0.0056046627
349,2022,2,VIC,73.5,55.0,-0.2517006802721088,33.90192996238939,3.005929740139344,-0.0031813392,-0.0010250566
350,2022,3,VIC,55.0,53.8,-0.021818181818181848,33.9510175602213,3.0486015298055618,0.0058889593,0.001697368
351,2022,4,VIC,53.8,55.0,0.02230483271375472,33.985055952725226,3.238582428362358,0.0594921984,0.0174625839
352,2023,1,VIC,55.0,51.0,-0.07272727272727275,34.02273248286367,3.3787588696824136,0.0636902085,0.0123469385
353,2023,2,VIC,51.0,46.85,-0.08137254901960778,34.026578394867016,3.351240059230247,0.0485353987,0.0092779699
354,2023,3,VIC,46.85,44.6,-0.04802561366061897,34.06939232569799,3.2559999789305363,0.0331011888,0.0063104044
355,2023,4,VIC,44.6,47.65,0.06838565022421528,34.13772713209059,3.5237801886395266,0.0192725578,0.0034647644
356,2024,1,VIC,47.65,41.2,-0.13536201469045117,34.17341928841049,3.398965209699851,0.073235891,0.0138027144
357,2024,2,VIC,41.2,42.0,0.01941747572815533,34.21322655435591,3.449373864455088,0.0284544979,0.0052936328
358,2024,3,VIC,42.0,40.55,-0.03452380952380962,34.304918074935166,3.8185132264688897,0.073997828,0.0132794795
359,2024,4,VIC,40.55,58.0,0.4303329223181258,34.36037184023774,4.438337995237882,0.0947927887,0.0158257623
360,2015,1,VNM,32.36,35.14,0.08590852904820778,30.926971470115554,0.2700480990329587,0.0,0.0
361,2015,2,VNM,35.14,38.64,0.09960159362549792,30.93510762616921,0.2797715702249493,0.3409674248,0.2636274698
362,2015,3,VNM,38.64,49.46,0.28002070393374745,30.887538303020783,0.3508483851580256,0.0,0.0
363,2015,4,VNM,49.46,51.78,0.0469065911847959,30.94441320350872,0.3132425247661151,0.0,0.0
364,2016,1,VNM,51.78,55.27,0.06740054074932411,31.00068777309271,0.27088346336732366,0.3973969326,0.3052499441
365,2016,2,VNM,55.27,67.4,0.21946806585851286,31.025462433323877,0.29853828117478626,0.0,0.0
366,2016,3,VNM,67.4,60.47,-0.10281899109792292,30.950889879176653,0.3325448714142329,0.4305164209,0.330431459
367,2016,4,VNM,60.47,68.99,0.1408963122209359,31.011289551301136,0.3111989118189844,0.4315881955,0.3289078465
368,2017,1,VNM,68.99,76.92,0.11494419481084228,31.067216997019298,0.24177665312805852,0.4445729097,0.3436146958
369,2017,2,VNM,76.92,73.79,-0.04069162766510659,31.095350784140443,0.2909497492281675,0.4405263305,0.3409955664
370,2017,3,VNM,73.79,103.93,0.4084564304106246,31.084042624199707,0.3149202571544806,0.4315695888,0.3348447755
371,2017,4,VNM,103.93,101.14,-0.026844991821418307,31.176818538844962,0.45215242671463374,0.4449388953,0.3215085764
372,2018,1,VNM,101.14,85.43,-0.15532924658888658,31.195717324620688,0.3437602640820389,0.4067648156,0.3013748512
373,2018,2,VNM,85.43,83.87,-0.018260564204611973,31.219625160576076,0.3635612753822056,0.0,0.0
374,2018,3,VNM,83.87,73.9,-0.11887444855132945,31.158158732482544,0.31121992192802356,0.3769073605,0.275948513
375,2018,4,VNM,73.9,83.01,0.1232746955345061,31.251785223797405,0.42231294604279845,0.4079129723,0.2839593091
376,2019,1,VNM,83.01,76.64,-0.07673774244066989,31.27660838630434,0.32437700430552907,0.3832323254,0.2828791428
377,2019,2,VNM,76.64,82.17,0.07215553235908145,31.32455162871696,0.388914919594967,0.383329156,0.2815259248
378,2019,3,VNM,82.17,74.44,-0.09407326274796157,31.322443654853323,0.44040761198295153,0.3815037888,0.2738949767
379,2019,4,VNM,74.44,58.14,-0.21896829661472328,31.430991785016857,0.5034640508374124,0.3778814213,0.257869958
380,2020,1,VNM,58.14,72.95,0.25472996216030275,31.461263990648916,0.4287860626158999,0.3555418301,0.246819584
381,2020,2,VNM,72.95,85.93,0.1779300891021247,31.53494763199079,0.5328616258359256,0.3512467045,0.2377835571
382,2020,3,VNM,85.93,85.85,-0.000930990340975324,31.55094200117292,0.5902189345627492,0.3527954427,0.2330652637
383,2020,4,VNM,85.85,78.36,-0.08724519510774598,31.511191792870196,0.439424160640475,0.3502436416,0.2383476069
384,2021,1,VNM,78.36,72.89,-0.069806023481368,31.563850379761366,0.503100345442368,0.3314623534679413,0.21877096593379974
385,2021,2,VNM,72.89,73.49,0.008231581835642654,31.60219318974656,0.5431590748835611,0.319365036,0.2103815854
386,2021,3,VNM,73.49,70.86,-0.035787181929514134,31.583567047958805,0.5370593550728308,0.3097758808,0.2057036036
387,2021,4,VNM,70.86,67.46,-0.047981936212249554,31.60756520680887,0.4876494693217161,0.3031049185,0.2069962972
388,2022,1,VNM,67.46,60.21,-0.10747109398161869,31.601228652924295,0.5151444581992901,0.2939963699,0.1933780651
389,2022,2,VNM,60.21,62.38,0.03604052482976261,31.617078216489602,0.46228726032566425,0.2676677735,0.1784840912
390,2022,3,VNM,62.38,66.83,0.07133696697659508,31.566758761686373,0.5128034633993951,0.2499897722,0.1673445075
391,2022,4,VNM,66.83,65.34,-0.022295376327996386,31.51222741154719,0.47738598323022563,0.2480396481,0.1672841533
392,2023,1,VNM,65.34,62.35,-0.04576063666972763,31.528230651529274,0.42754165851216164,0.2560961971,0.1599143486
393,2023,2,VNM,62.35,67.33,0.07987169206094613,31.56223443883045,0.3903085829130115,0.2611320803,0.1645303702
394,2023,3,VNM,67.33,61.8,-0.08213277885043813,31.637762053154933,0.6165436146740432,0.2683231232,0.1652940392
395,2023,4,VNM,61.8,62.6,0.012944983818770295,31.59513115163729,0.5038473260455885,0.2883642068,0.1754480074
396,2024,1,VNM,62.6,60.66,-0.030990415335463317,31.57558623166399,0.44012655593917,0.2886003076,0.1752419785
397,2024,2,VNM,60.66,67.17,0.10731948565776461,31.623590471805418,0.41360361624022535,0.3013055891,0.1814318619
398,2024,3,VNM,67.17,61.23,-0.08843233586422516,31.685880988803884,0.6364949715708917,0.2968920579,0.177516218
399,2024,4,VNM,61.23,58.53,-0.04409603135717777,31.639245931487096,0.5217683563782506,0.2936214847,0.1743798413
400,2015,1,GAS,33.45,31.78,-0.04992526158445443,31.600722093777442,0.32675374465920703,0.0,0.0
401,2015,2,GAS,31.78,23.47,-0.2614852108244179,31.598243222469627,0.2717419892612187,0.0,0.0
402,2015,3,GAS,23.47,18.97,-0.19173412867490414,31.636138132883797,0.2505498797663103,0.0,0.0
403,2015,4,GAS,18.97,22.44,0.18292040063257797,31.66922530359626,0.3224319610400111,0.0,0.0
404,2016,1,GAS,22.44,34.2,0.5240641711229947,31.72050032412723,0.36908180503683286,0.1690098701,0.1296416488
405,2016,2,GAS,34.2,38.85,0.13596491228070162,31.717439129603036,0.4415490352729394,0.0,0.0
406,2016,3,GAS,38.85,34.62,-0.10888030888030897,31.693304224425717,0.3768116727873782,0.1173929148,0.085263034
407,2016,4,GAS,34.62,31.42,-0.09243212016175606,31.67226850190371,0.3925781412055995,0.1676796631,0.123737524
408,2017,1,GAS,31.42,34.31,0.09197963080840221,31.74210845028884,0.43614161670623014,0.1887567553,0.1336990396
409,2017,2,GAS,34.31,41.27,0.20285631011366956,31.731635040826863,0.45919630262834094,0.1926019782,0.1359998326
410,2017,3,GAS,41.27,58.91,0.427429125272595,31.734978765125092,0.46429955949949236,0.2161467444,0.1502916
411,2017,4,GAS,58.91,79.47,0.3490069597691394,31.75471400274184,0.4315725187711045,0.2302757614,0.1632603327
412,2018,1,GAS,79.47,54.74,-0.3111866112998616,31.82294170593192,0.4450039375685328,0.233189824,0.1608541296
413,2018,2,GAS,54.74,73.0,0.33357690902447934,31.851603112289435,0.5111348822198937,0.0,0.0
414,2018,3,GAS,73.0,54.64,-0.2515068493150685,31.741893255627456,0.37831246975605964,0.2816030907,0.195299227
415,2018,4,GAS,54.64,63.2,0.15666178623718885,31.767450321926027,0.3184348814255777,0.254141169,0.1839939383
416,2019,1,GAS,63.2,62.75,-0.007120253164557,31.75830793309466,0.3501388964001748,0.2741964973,0.1974876105
417,2019,2,GAS,62.75,69.99,0.11537848605577672,31.808484725352752,0.4051067879654763,0.2710772109,0.1989417798
418,2019,3,GAS,69.99,61.69,-0.11858836976710951,31.76710796122191,0.3237189401446173,0.259945416,0.1926870484
419,2019,4,GAS,61.69,36.08,-0.41514021721510785,31.762249091789833,0.2529935281606674,0.2467256153,0.1907515361
420,2020,1,GAS,36.08,45.43,0.25914634146341475,31.812347886400495,0.25959786969531184,0.230290151,0.1760622889
421,2020,2,GAS,45.43,49.24,0.08386528725511777,31.8379196048277,0.2544528760029212,0.1975447954,0.1553531036
422,2020,3,GAS,49.24,59.81,0.21466287571080422,31.753374732915358,0.2910452594897053,0.1800651536,0.1424532949
423,2020,4,GAS,59.81,61.95,0.03577996990469812,31.775577939639298,0.2769080783798041,0.1585031195,0.1252912043
424,2021,1,GAS,61.95,66.26,0.06957223567393056,31.859697182636765,0.3305712936099607,0.1484560659,0.1152620284
425,2021,2,GAS,66.26,69.11,0.04301237549049186,31.94619237718884,0.5639244489122853,0.1626922636,0.1192529742
426,2021,3,GAS,69.11,68.54,-0.008247721024453702,31.924465746201403,0.4587299488867523,0.1686508986,0.1199791172
427,2021,4,GAS,68.54,77.16,0.1257659760723664,31.99752888715342,0.5091771146991785,0.1705725122,0.1221746774
428,2022,1,GAS,77.16,82.29,0.06648522550544333,32.07567220323163,0.5288312478931121,0.1956286637,0.1291348457
429,2022,2,GAS,82.29,80.5,-0.021752339287884337,32.11446956030532,0.46172545964668965,0.23591125,0.1583870688
430,2022,3,GAS,80.5,74.28,-0.07726708074534161,32.07630259512911,0.46904694000735664,0.238570999,0.160002881
431,2022,4,GAS,74.28,74.65,0.00498115239633834,32.04752624245867,0.35045723580178456,0.2610708469,0.183339535
432,2023,1,GAS,74.65,68.06,-0.08827863362357669,32.06336512633139,0.3029115489375409,0.2462157897,0.1727749318
433,2023,2,GAS,68.06,82.54,0.21275345283573333,32.11116186755921,0.3083131553125156,0.20810027,0.1502338807
434,2023,3,GAS,82.54,68.7,-0.16767627816816089,32.0694104894523,0.3505150950619681,0.1936733233,0.1428172306
435,2023,4,GAS,68.7,72.98,0.06229985443959252,32.105563749982174,0.34389447987863697,0.1873354425,0.1362073421
436,2024,1,GAS,72.98,69.71,-0.04480679638257068,32.15037125842086,0.35162843492140317,0.1668093551,0.1222127413
437,2024,2,GAS,69.71,73.2,0.05006455314875935,32.1866534130153,0.3418729639854396,0.1670983677,0.1216985088
438,2024,3,GAS,73.2,68.1,-0.06967213114754112,32.151238850653876,0.5397324455479311,0.1714244588,0.1208806144
439,2024,4,GAS,68.1,66.8,-0.019089574155653377,32.03596905642992,0.32943898429803065,0.1673155558,0.1226155381
440,2015,1,FPT,8.51,9.57,0.12455934195064633,30.73138634919583,1.4750953269616807,0.0,0.0
441,2015,2,FPT,9.57,9.38,-0.019853709508881878,30.74815681199525,1.2754053784415202,0.2033951376,0.0787669025
442,2015,3,FPT,9.38,10.18,0.08528784648187626,30.795532051868317,1.3743237528932266,0.0,0.0
443,2015,4,FPT,10.18,9.93,-0.024557956777996104,30.888471469091442,1.5528197871358975,0.0,0.0
444,2016,1,FPT,9.93,10.35,0.04229607250755296,30.837640268266732,1.3203316243453849,0.1821070916,0.0764924398
445,2016,2,FPT,10.35,11.83,0.14299516908212562,30.863583056507657,1.322969061802602,0.0,0.0
446,2016,3,FPT,11.83,11.16,-0.05663567202028741,30.904306620475243,1.4078474554737592,0.1865348119,0.0777584165
447,2016,4,FPT,11.16,11.99,0.07437275985663083,31.029296038303432,1.6128953964134205,0.184060042,0.0712485159
448,2017,1,FPT,11.99,13.94,0.16263552960800665,30.963365880177403,1.337463451360928,0.1816262325,0.0750332971
449,2017,2,FPT,13.94,14.82,0.06312769010043051,30.96486014415701,1.3082537355310486,0.1764887544,0.0731054804
450,2017,3,FPT,14.82,17.35,0.17071524966261808,31.021956257697227,1.2782103394213253,0.1784203136,0.0749936495
451,2017,4,FPT,17.35,18.45,0.06340057636887586,30.85090536432123,0.8908454842838223,0.2375011948,0.1069259074
452,2018,1,FPT,18.45,14.88,-0.19349593495934947,30.850333639576196,0.7993679377474482,0.2311204592,0.1121954873
453,2018,2,FPT,14.88,16.99,0.14180107526881702,30.90006313069692,0.8930549400669887,0.0,0.0
454,2018,3,FPT,16.99,15.48,-0.08887580929958794,30.966109639721793,0.9824389760828743,0.2354154541,0.1244352955
455,2018,4,FPT,15.48,16.69,0.07816537467700257,31.023040857171313,1.013568663048784,0.187066446,0.0957024994
456,2019,1,FPT,16.69,18.74,0.12282804074295961,30.989600484683272,0.8508182178018083,0.187294231,0.0968427628
457,2019,2,FPT,18.74,24.22,0.2924226254002136,31.044665941491463,0.9218550716939816,0.1944310763,0.100209183
458,2019,3,FPT,24.22,24.47,0.010322047894302244,31.105370579793544,0.9861279616721472,0.2030132131,0.1045045737
459,2019,4,FPT,24.47,17.25,-0.2950551695954229,31.147293960447932,0.9946143934602705,0.1986016686,0.0992965713
460,2020,1,FPT,17.25,22.45,0.3014492753623188,31.16956212076529,0.9520886482008889,0.1956760869,0.0996313385
461,2020,2,FPT,22.45,25.11,0.1184855233853006,31.212115135080584,1.0058846229968583,0.1947649313,0.0981369059
462,2020,3,FPT,25.11,29.68,0.18199920350457988,31.262204099830345,1.0767077663258813,0.1876700821,0.0934613973
463,2020,4,FPT,29.68,39.03,0.3150269541778976,31.36270708602072,1.244265987352304,0.199859458,0.0941855175
464,2021,1,FPT,39.03,51.35,0.315654624647707,31.42593212472416,1.254110553081297,0.1986926645040512,0.09247589111328125
465,2021,2,FPT,51.35,54.85,0.06815968841285303,31.480753760291844,1.3422876736687246,0.1994414714,0.0893277464
466,2021,3,FPT,54.85,54.85,0.0,31.507310782630384,1.3737729673439554,0.2039699037,0.0884844578
467,2021,4,FPT,54.85,63.1,0.15041020966271645,31.614371612536978,1.5068254332284345,0.2167424308,0.0909003243
468,2022,1,FPT,63.1,61.56,-0.024405705229794017,31.649227686581444,1.4217224707008809,0.2201605993,0.0912418456
469,2022,2,FPT,61.56,58.16,-0.05523066926575704,31.661636627531063,1.4045932469639855,0.223164695,0.0919584394
470,2022,3,FPT,58.16,55.56,-0.04470426409903705,31.640662571710944,1.2916375299593263,0.228420619,0.0950511804
471,2022,4,FPT,55.56,57.15,0.028617710583153322,31.575616023242087,1.0382530832971935,0.227053325,0.1008104799
472,2023,1,FPT,57.15,62.13,0.08713910761154864,31.557758559401144,0.8750535967115579,0.2672111184,0.1038204213
473,2023,2,FPT,62.13,78.91,0.27007886689200045,31.73406761479071,1.116583336996022,0.2650069693,0.1065471408
474,2023,3,FPT,78.91,81.72,0.03561018882270939,31.759971212034184,1.1866306188583602,0.2666664749,0.1083166686
475,2023,4,FPT,81.72,99.07,0.21231032794909432,31.730772303507614,1.0143101730881827,0.2809692595,0.1155186956
476,2024,1,FPT,99.07,128.5,0.29706268295144866,31.75855389012919,0.954943976365982,0.2720626617,0.1106179394
477,2024,2,FPT,128.5,132.44,0.03066147859922186,31.809802496464446,0.9942986821543711,0.2774659628,0.1143697508
478,2024,3,FPT,132.44,151.2,0.14164904862579264,31.84435668216209,0.9110178450230828,0.2748693607,0.1173968493
479,2024,4,FPT,151.2,119.97,-0.20654761904761898,31.907687174925435,1.0152519727756681,0.2869088635,0.1187874226
480,2015,1,CTG,10.17,11.85,0.16519174041297924,34.10156503596882,10.465813594700064,0.0,0.0
481,2015,2,CTG,11.85,12.1,0.021097046413502074,34.16152928474234,11.609871504909137,0.1038807386,0.0087551489
482,2015,3,CTG,12.1,11.48,-0.0512396694214875,34.19725965133193,11.762857693241646,0.0,0.0
483,2015,4,CTG,11.48,10.12,-0.11846689895470397,34.28965262010963,12.947966034769273,0.0,0.0
484,2016,1,CTG,10.12,10.37,0.024703557312252933,34.305250885843314,12.646470402105617,0.1139605357,0.0085890028
485,2016,2,CTG,10.37,10.46,0.008678881388621162,34.37650427495293,13.286502605223406,0.0,0.0
486,2016,3,CTG,10.46,9.29,-0.11185468451242842,34.43425369818454,13.694035014064525,0.1099543053,0.0077431111
487,2016,4,CTG,9.29,11.64,0.25296017222820244,34.48611276836253,14.065367449624542,0.1178873409,0.007913361
488,2017,1,CTG,11.64,13.03,0.11941580756013725,34.52607915100397,15.888841410180582,0.1147100792,0.0075047813
489,2017,2,CTG,13.03,12.34,-0.05295471987720646,34.57377720138437,16.168758519139406,0.1201710596,0.0075425922
490,2017,3,CTG,12.34,16.15,0.3087520259319285,34.59920511518673,16.056689899138203,0.1225631889,0.0074144434
491,2017,4,CTG,16.15,23.09,0.4297213622291023,34.6295511588843,16.194244505019988,0.1198072117,0.0072736934
492,2018,1,CTG,23.09,16.18,-0.2992637505413599,34.646818727580445,15.836378067924826,0.1240491174,0.0072711642
493,2018,2,CTG,16.18,18.38,0.1359703337453646,34.66990768446575,15.755969827253313,0.0,0.0
494,2018,3,CTG,18.38,12.88,-0.2992383025027203,34.69792933426434,15.770580857861585,0.1147920555,0.0067989178
495,2018,4,CTG,12.88,14.98,0.16304347826086962,34.69091213124492,16.257134337650285,0.0825166285,0.0047921749
496,2019,1,CTG,14.98,13.01,-0.13150867823765022,34.675728968615644,15.353164332698624,0.080139577,0.0047759336
497,2019,2,CTG,13.01,14.11,0.08455034588777854,34.70750192400894,15.328830283932314,0.078272478,0.0046957182
498,2019,3,CTG,14.11,13.95,-0.01133947554925585,34.722937746577,15.055443018645517,0.0858877067,0.0052107581
499,2019,4,CTG,13.95,11.48,-0.17706093189964145,34.754524195356026,15.040076397850033,0.130796871,0.0078679938
500,2020,1,CTG,11.48,14.38,0.2526132404181185,34.73979829114917,14.513670842915618,0.1231782942,0.0077101328
501,2020,2,CTG,14.38,17.72,0.2322670375521556,34.75353027756869,14.299498092069038,0.1429504449,0.0090943789
502,2020,3,CTG,17.72,23.38,0.3194130925507901,34.77084359655857,14.136428228243805,0.1370067319,0.0088457017
503,2020,4,CTG,23.38,27.17,0.1621043627031653,34.83248496300355,14.70809417514704,0.168260967,0.0106063543
504,2021,1,CTG,27.17,35.67,0.3128450496871549,34.83441511090355,13.634438977578833,0.20758222043514252,0.013671962544322014
505,2021,2,CTG,35.67,26.55,-0.255677039529016,34.92608689555169,14.796826360433165,0.1854677754,0.0121077068
506,2021,3,CTG,26.55,30.34,0.14274952919020722,34.90882778169418,14.144250557356834,0.1805922508,0.0117925428
507,2021,4,CTG,30.34,29.04,-0.04284772577455509,34.96500335899695,15.352560990014235,0.1573628965,0.0098076178
508,2022,1,CTG,29.04,23.4,-0.19421487603305787,35.04783856490566,15.925643031791706,0.1291465057,0.0080409727
509,2022,2,CTG,23.4,20.76,-0.11282051282051275,35.06413306675928,15.45288632558432,0.1505372438,0.0092767585
510,2022,3,CTG,20.76,24.39,0.17485549132947975,35.09884328279951,15.499969644323834,0.1553582796,0.0093827613
511,2022,4,CTG,24.39,26.13,0.071340713407134,35.13165482419538,15.704613756360503,0.1662403072,0.0100449029
512,2023,1,CTG,26.13,26.4,0.010332950631458004,35.13978755334351,15.149093711158422,0.1585577156,0.009639872
513,2023,2,CTG,26.4,26.89,0.018560606060606055,35.15940907568059,14.755536550778135,0.1581290875,0.0097229779
514,2023,3,CTG,26.89,27.1,0.007809594644849316,35.17447362825661,14.477532816388374,0.1572301237,0.0098261541
515,2023,4,CTG,27.1,35.55,0.3118081180811807,35.24813644227955,14.933846072756806,0.1699791545,0.0103625882
516,2024,1,CTG,35.55,31.0,-0.12798874824191275,35.26999702307408,14.910365071310327,0.1617335633,0.0102533718
517,2024,2,CTG,31.0,36.95,0.19193548387096793,35.30954935025202,14.896086890990755,0.1573759619,0.0099541455
518,2024,3,CTG,36.95,37.8,0.023004059539918575,35.340684303797886,14.815696642862783,0.1619806236,0.0101955449
519,2024,4,CTG,37.8,41.45,0.09656084656084674,35.408138077106926,15.06270780317618,0.1847695587,0.0114749694
520,2015,1,BVH,27.26,33.67,0.23514306676449004,31.533689003782527,2.8956760924902,0.0,0.0
521,2015,2,BVH,33.67,38.18,0.13394713394713387,31.5587583978189,2.980976897308235,0.0,0.0
522,2015,3,BVH,38.18,43.52,0.13986380303823998,31.611334966726737,3.122222766161437,0.0,0.0
523,2015,4,BVH,43.52,41.06,-0.05652573529411764,31.70169316390401,3.440778927457424,0.0,0.0
524,2016,1,BVH,41.06,49.1,0.19581100828056508,31.769020526095844,3.6302934765670294,0.0879022006,0.0204469464
525,2016,2,BVH,49.1,59.01,0.2018329938900203,31.79559981923948,3.833745469807052,0.0895966986,0.0198670617
526,2016,3,BVH,59.01,48.44,-0.17912218268090152,31.842028689804163,3.9429540833546874,0.0933883445,0.0198017006
527,2016,4,BVH,48.44,49.27,0.01713459950454177,31.92255730134841,4.251980421640306,0.0835666336,0.0170785474
528,2017,1,BVH,49.27,47.86,-0.028617820174548503,31.949942678182328,4.338578081787871,0.0953892846,0.018708114
529,2017,2,BVH,47.86,46.57,-0.026953614709569584,32.04869540281755,4.6579842791879535,0.1153827787,0.0217405499
530,2017,3,BVH,46.57,55.29,0.18724500751556783,32.08287715491514,5.056970179850425,0.1054873023,0.0189004056
531,2017,4,BVH,55.29,80.01,0.4470971242539339,32.14617378112052,5.3207547399979385,0.1104963365,0.0189229283
532,2018,1,BVH,80.01,68.83,-0.13973253343332093,32.229464384549,5.66224418913183,0.1105678918,0.0179044688
533,2018,2,BVH,68.83,84.05,0.2211245096614849,32.24199371046043,5.309016640881669,0.0,0.0
534,2018,3,BVH,84.05,76.33,-0.09185008923259963,32.245980622027986,5.60339559687107,0.0760625123,0.0117538233
535,2018,4,BVH,76.33,81.48,0.06747019520503095,32.36518848420696,6.370700798847877,0.0744837981,0.0108972369
536,2019,1,BVH,81.48,69.3,-0.14948453608247425,32.388821561309214,6.34118192272112,0.0674358224,0.0097713285
537,2019,2,BVH,69.3,64.15,-0.07431457431457422,32.42626129523653,6.529151121827632,0.0618148754,0.008570125
538,2019,3,BVH,64.15,59.65,-0.07014809041309444,32.43359587292337,6.434272239518621,0.076714844,0.010344774
539,2019,4,BVH,59.65,32.17,-0.46068734283319357,32.48503273073663,5.4761466805081325,0.0617055819,0.0090170487
540,2020,1,BVH,32.17,39.56,0.2297171277587815,32.524613725016856,5.665510987810706,0.044500209,0.006375506
541,2020,2,BVH,39.56,42.34,0.07027300303336714,32.557105121626535,5.727450754107129,0.0557454253,0.00820098
542,2020,3,BVH,42.34,58.22,0.37505904581955574,32.60748546901991,5.929520622936931,0.0583462103,0.0087045472
543,2020,4,BVH,58.22,52.58,-0.09687392648574378,32.62337991965126,6.0915454314955975,0.075953653,0.011211996
544,2021,1,BVH,52.58,51.52,-0.020159756561430098,32.61875241974913,5.893409822918807,0.09080708771944046,0.013139447197318077
545,2021,2,BVH,51.52,51.52,0.0,32.63565148683615,5.859965460955784,0.0862750965,0.0124273877
546,2021,3,BVH,51.52,50.1,-0.02756211180124224,32.73792340455397,6.454223803472222,0.0833251118,0.0117697247
547,2021,4,BVH,50.1,55.02,0.09820359281437119,32.763643481842394,6.698363066816568,0.0885305015,0.0120075836
548,2022,1,BVH,55.02,46.97,-0.14631043256997467,32.8447501195914,7.158058614885163,0.085204575,0.0112880168
549,2022,2,BVH,46.97,47.87,0.01916116670215029,32.8952375427374,7.480214917262636,0.0793565315,0.0099784648
550,2022,3,BVH,47.87,44.45,-0.0714434927929809,32.88252651142532,7.238773007140123,0.0756486171,0.0092842659
551,2022,4,BVH,44.45,46.22,0.03982002249718786,32.93735653434143,8.469357309140689,0.0716356845,0.0083573572
552,2023,1,BVH,46.22,42.07,-0.08978797057550836,33.02674203673224,9.109465643896137,0.0741978363,0.0078689927
553,2023,2,BVH,42.07,40.21,-0.044212027573092505,33.02813294129753,8.968525795669839,0.0781090114,0.0079461687
554,2023,3,BVH,40.21,38.6,-0.04003979109674205,33.00302156689252,8.539297467052005,0.0810560207,0.0079505331
555,2023,4,BVH,38.6,41.77,0.0821243523316062,33.03011399518092,8.96557546336699,0.0855405564,0.0084437387
556,2024,1,BVH,41.77,44.95,0.07613119463729956,33.08750214883228,9.240967114837279,0.0827371276,0.0079875216
557,2024,2,BVH,44.95,41.87,-0.06852057842046733,33.089941054605596,9.109967346661932,0.082927993,0.0079763414
558,2024,3,BVH,41.87,50.7,0.21089085263912133,33.10421197774158,9.02908970925169,0.0865213006,0.0082226618
559,2024,4,BVH,50.7,53.3,0.0512820512820511,33.15761414928085,9.663138892211302,0.0960344217,0.0089343386
560,2015,1,BID,8.06,10.72,0.33002481389578153,34.1265973320649,17.96130146130275,0.0,0.0
561,2015,2,BID,10.72,12.03,0.12220149253731338,34.21686429891121,19.55620146389265,0.1621132118,0.0083363264
562,2015,3,BID,12.03,10.46,-0.13050706566916026,34.298183113764786,18.795550382181457,0.0,0.0
563,2015,4,BID,10.46,8.48,-0.1892925430210325,34.37713715366783,19.74947515143508,0.0,0.0
564,2016,1,BID,8.48,8.89,0.048349056603773644,34.38674629306777,18.627486098950346,0.1543751385,0.0075845186
565,2016,2,BID,8.89,8.63,-0.02924634420697414,34.466697660614294,19.94641056388301,0.0,0.0
566,2016,3,BID,8.63,7.59,-0.12050984936268838,34.48788082563054,19.699514216588597,0.1508284364,0.0071764238
567,2016,4,BID,7.59,9.38,0.23583662714097509,34.545389647073584,21.76558723347938,0.1470244317,0.0066099161
568,2017,1,BID,9.38,10.91,0.16311300639658843,34.564689372796224,21.43125469102086,0.1451298722,0.0064628734
569,2017,2,BID,10.91,10.82,-0.008249312557286892,34.63336837505318,21.833740533314504,0.1352072091,0.0060945843
570,2017,3,BID,10.82,14.07,0.3003696857670979,34.65736680766156,23.194303365219255,0.1247671251,0.0054104032
571,2017,4,BID,14.07,23.95,0.7022032693674485,34.72248169805259,23.5309021045928,0.1459848802,0.0061454674
572,2018,1,BID,23.95,14.35,-0.40083507306889354,34.74330187087795,23.150872426537468,0.1451545166,0.0060655587
573,2018,2,BID,14.35,19.42,0.353310104529617,34.776427575809045,22.839645707591394,0.0,0.0
574,2018,3,BID,19.42,18.98,-0.022657054582904235,34.776542608085975,22.61158451292042,0.1611028467,0.0067068393
575,2018,4,BID,18.98,19.75,0.040569020021074875,34.811119682889014,23.007370764425044,0.1423385483,0.0058504402
576,2019,1,BID,19.75,17.49,-0.11443037974683556,34.83363657573946,22.704925123784026,0.1346810184,0.005661108
577,2019,2,BID,17.49,21.74,0.24299599771297897,34.875328589763726,23.337720511451067,0.128477175,0.005371062
578,2019,3,BID,21.74,26.34,0.21159153633854655,34.8932278551406,23.005903834818195,0.1263591344,0.0052616353
579,2019,4,BID,26.34,17.61,-0.33143507972665154,34.93762281776588,18.161321805252307,0.1265992399,0.0059711067
580,2020,1,BID,17.61,21.63,0.22827938671209536,34.907608002968225,17.242166294404097,0.1157404818,0.0055029411
581,2020,2,BID,21.63,23.29,0.07674526121128067,34.907605490593525,17.155812845272532,0.1107414555,0.0056453689
582,2020,3,BID,23.29,27.8,0.1936453413482182,34.92254513244224,17.022997143014138,0.1067635754,0.0058057982
583,2020,4,BID,27.8,24.93,-0.10323741007194243,34.95542533220599,18.011144719843372,0.0889591876,0.0046541089
584,2021,1,BID,24.93,27.42,0.09987966305655838,34.98274876108254,17.94997551398805,0.10368546098470688,0.005593821872025728
585,2021,2,BID,27.42,22.9,-0.16484318016046695,35.03489655176675,18.42478801814485,0.1225683915,0.0064998553
586,2021,3,BID,22.9,27.21,0.1882096069868997,35.061537406119506,18.6083773066604,0.1201559249,0.0062400475
587,2021,4,BID,27.21,31.9,0.1723631018008085,35.10519127369729,19.400687672885752,0.1270082541,0.0064300863
588,2022,1,BID,31.9,24.57,-0.22978056426332283,35.15272041702699,19.567132949994004,0.1326014912,0.0066269825
589,2022,2,BID,24.57,24.86,0.011803011803011687,35.22151594902877,20.074792973440243,0.1459508447,0.0071442705
590,2022,3,BID,24.86,28.31,0.13877715205148822,35.256105188254544,19.301724051489295,0.1749070102,0.0084969443
591,2022,4,BID,28.31,33.88,0.19675026492405534,35.29044136394208,19.34946686388582,0.1906214078,0.0093544949
592,2023,1,BID,33.88,31.79,-0.06168831168831179,35.283977241477395,18.179736435454146,0.196535542,0.0097342838
593,2023,2,BID,31.79,32.52,0.022963195973576767,35.292438841660896,17.613552617779206,0.1897692571,0.0096934566
594,2023,3,BID,32.52,35.87,0.10301353013530123,35.29623765439168,16.909927771129745,0.175847658,0.0092699331
595,2023,4,BID,35.87,43.06,0.200446055199331,35.37203950475025,17.718431871824055,0.1894828352,0.009727331
596,2024,1,BID,43.06,35.74,-0.16999535531816068,35.38409977243177,17.049680898768763,0.1805202316,0.0098550849
597,2024,2,BID,35.74,41.07,0.14913262451035258,35.46346035013351,17.713794503545213,0.1806127058,0.0098393228
598,2024,3,BID,41.07,37.55,-0.08570732895057231,35.48500693410463,17.60724989810723,0.178286575,0.009624827
599,2024,4,BID,37.55,38.75,0.031957390146471365,35.55429393711396,18.051622728203046,0.187767754,0.0099335136
600,2015,1,SHB,2.59,2.47,-0.04633204633204624,32.74258649580608,14.537437777251103,0.0,0.0
601,2015,2,SHB,2.47,2.16,-0.1255060728744939,32.80938547350517,15.37844789571535,0.0743621105,0.0047319536
602,2015,3,SHB,2.16,2.1,-0.02777777777777779,32.84219336017981,15.551965271095181,0.0,0.0
603,2015,4,SHB,2.1,2.1,0.0,32.95288178120019,17.193159606602613,0.0,0.0
604,2016,1,SHB,2.1,1.97,-0.06190476190476191,32.94733060414907,16.631795700020582,0.0789386295,0.0045888531
605,2016,2,SHB,1.97,1.48,-0.24873096446700504,32.98707407388418,17.190626743840646,0.0,0.0
606,2016,3,SHB,1.48,1.59,0.07432432432432434,33.00169568757453,16.97440376239011,0.0736755586,0.0040936425
607,2016,4,SHB,1.59,1.98,0.24528301886792447,33.08969482727281,16.678667621442088,0.0745986368,0.004163885
608,2017,1,SHB,1.98,2.63,0.3282828282828283,33.14408882515335,17.42208804128135,0.0737036627,0.0040794461
609,2017,2,SHB,2.63,2.77,0.05323193916349811,33.15143650741853,17.021546286150144,0.0875610778,0.0048572425
610,2017,3,SHB,2.77,3.22,0.16245487364620947,33.208106868298856,18.754892022013344,0.1017386755,0.0055092661
611,2017,4,SHB,3.22,4.81,0.4937888198757763,33.25862017182196,17.697825643772603,0.1102416939,0.0059202033
612,2018,1,SHB,4.81,3.06,-0.3638253638253638,33.29017093847257,17.872518943421703,0.118407263,0.0062890724
613,2018,2,SHB,3.06,3.39,0.10784313725490202,33.347818478308774,18.564783169689434,0.0,0.0
614,2018,3,SHB,3.39,2.68,-0.20943952802359878,33.333795372503666,17.668097109487274,0.1019390984,0.0053789228
615,2018,4,SHB,2.68,2.79,0.041044776119402826,33.409721252232394,18.53260023246636,0.1078089459,0.0054894377
616,2019,1,SHB,2.79,2.53,-0.0931899641577062,33.43948092192531,18.51887485772735,0.1091593378,0.0056489472
617,2019,2,SHB,2.53,2.46,-0.02766798418972327,33.465676226846945,18.629851961565656,0.1241107148,0.0064148186
618,2019,3,SHB,2.46,2.42,-0.016260162601625994,33.509425651633464,18.625463842914026,0.1364912701,0.0069716314
619,2019,4,SHB,2.42,5.5,1.272727272727273,33.532678919010095,18.542888774902153,0.1387997552,0.0070233363
620,2020,1,SHB,5.5,5.86,0.06545454545454543,33.541768338693664,18.21343215461693,0.1381302688,0.0070843699
621,2020,2,SHB,5.86,6.94,0.1843003412969284,33.60065429087844,16.144697701021123,0.1285840071,0.0068438211
622,2020,3,SHB,6.94,7.66,0.10374639769452454,33.62728969517344,15.833838203826506,0.1293080259,0.0071611973
623,2020,4,SHB,7.66,11.58,0.5117493472584855,33.65427018313138,15.927626628516055,0.1225570069,0.0067023997
624,2021,1,SHB,11.58,14.22,0.2279792746113991,33.66747721446036,15.336166940408317,0.14240212738513947,0.00847678817808628
625,2021,2,SHB,14.22,13.18,-0.07313642756680738,33.759804349177486,16.27659182110316,0.1572261404,0.0093327051
626,2021,3,SHB,13.18,13.66,0.036418816388467334,33.77218777908887,15.199293395404988,0.178072176,0.0106800896
627,2021,4,SHB,13.66,13.11,-0.04026354319180092,33.858656744380234,13.198747986398748,0.168116125,0.0108936116
628,2022,1,SHB,13.11,8.27,-0.3691838291380626,33.876261834018685,12.632200825684842,0.1936751621,0.0128151218
629,2022,2,SHB,8.27,7.63,-0.07738814993954046,33.88903480866095,12.079415752812448,0.1990118069,0.0140771217
630,2022,3,SHB,7.63,7.01,-0.0812581913499345,33.9011774909485,11.497210908558964,0.2097654626,0.015757631
631,2022,4,SHB,7.01,7.57,0.07988587731811703,33.94339297983224,11.895257581394905,0.1970754398,0.0146172222
632,2023,1,SHB,7.57,8.81,0.1638044914134742,33.976997524197614,11.445936643868807,0.1874871368,0.0147404772
633,2023,2,SHB,8.81,9.23,0.047673098751418896,34.003094138853825,11.29208803663462,0.177093934,0.0141395935
634,2023,3,SHB,9.23,8.98,-0.02708559046587211,34.020754466411134,11.028561491607114,0.1587424331,0.012803217
635,2023,4,SHB,8.98,9.48,0.055679287305122394,34.07741491607457,11.638862161337803,0.157517018,0.0124896894
636,2024,1,SHB,9.48,9.48,0.0,34.06258423696142,10.679818293662692,0.1558162728,0.0128236945
637,2024,2,SHB,9.48,9.55,0.007383966244725704,34.12305142748536,10.762856559429624,0.1558791297,0.0129746419
638,2024,3,SHB,9.55,8.9,-0.0680628272251309,34.16537233784553,11.347512636932576,0.1454292365,0.012021631
639,2024,4,SHB,8.9,12.0,0.348314606741573,34.24772608163256,11.872606486013895,0.1723643549,0.0135298878
